x,y,l0,phi,theta
0.0,0.0,1.0,-0.7853981633974483,1.5707963267948966
0.7071067811865476,-0.7071067811865476,1.0,0.7853981633974483,4.71238898038469
1.4142135623730951,0.0,1.0,-0.7853981633974483,1.5707963267948966
2.121320343559643,-0.7071067811865476,1.0,-0.7853981633974483,3.141592653589793
2.8284271247461903,-1.4142135623730951,1.0,-0.7853981633974483,3.141592653589793
3.5355339059327378,-2.121320343559643,1.0,-0.7853981633974483,3.141592653589793
4.242640687119286,-2.8284271247461903,1.0,-0.7853981633974483,3.141592653589793
4.949747468305834,-3.5355339059327378,1.0,-0.7853981633974483,3.141592653589793
5.6568542494923815,-4.242640687119286,1.0,-0.7853981633974483,3.141592653589793
6.363961030678929,-4.949747468305834,1.0,0.7853981633974483,4.71238898038469
7.071067811865477,-4.242640687119286,1.0,-0.7853981633974483,1.5707963267948966
7.778174593052025,-4.949747468305834,1.0,0.7853981633974483,4.71238898038469
8.485281374238573,-4.242640687119286,1.0,0.7853981633974483,3.141592653589793
9.192388155425121,-3.535533905932738,1.0,0.7853981633974483,3.141592653589793
9.899494936611669,-2.8284271247461907,1.0,-0.7853981633974483,1.5707963267948966
10.606601717798217,-3.535533905932738,1.0,-0.7853981633974483,3.141592653589793
11.313708498984765,-4.242640687119286,1.0,-0.7853981633974483,3.141592653589793
12.020815280171313,-4.949747468305834,1.0,-0.7853981633974483,3.141592653589793
12.72792206135786,-5.6568542494923815,1.0,0.7853981633974483,4.71238898038469
13.435028842544408,-4.949747468305834,1.0,0.7853981633974483,3.141592653589793
14.142135623730956,-4.242640687119286,1.0,-0.7853981633974483,1.5707963267948966
14.849242404917504,-4.949747468305834,1.0,-0.7853981633974483,3.141592653589793
15.556349186104052,-5.6568542494923815,1.0,-0.7853981633974483,3.141592653589793
16.2634559672906,-6.363961030678929,1.0,-0.7853981633974483,3.141592653589793
16.970562748477146,-7.071067811865477,1.0,-0.7853981633974483,3.141592653589793
17.677669529663692,-7.778174593052025,1.0,0.7853981633974483,4.71238898038469
18.38477631085024,-7.071067811865477,1.0,0.7853981633974483,3.141592653589793
19.091883092036785,-6.363961030678929,1.0,0.7853981633974483,3.141592653589793
19.79898987322333,-5.6568542494923815,1.0,-0.7853981633974483,1.5707963267948966
20.506096654409877,-6.363961030678929,1.0,-0.7853981633974483,3.141592653589793
21.213203435596423,-7.071067811865477,1.0,0.7853981633974483,4.71238898038469
21.92031021678297,-6.363961030678929,1.0,-0.7853981633974483,1.5707963267948966
22.627416997969515,-7.071067811865477,1.0,0.7853981633974483,4.71238898038469
23.33452377915606,-6.363961030678929,1.0,0.7853981633974483,3.141592653589793
24.041630560342607,-5.6568542494923815,1.0,-0.7853981633974483,1.5707963267948966
24.748737341529154,-6.363961030678929,1.0,0.7853981633974483,4.71238898038469
25.4558441227157,-5.6568542494923815,1.0,-0.7853981633974483,1.5707963267948966
26.162950903902246,-6.363961030678929,1.0,-0.7853981633974483,3.141592653589793
26.870057685088792,-7.071067811865477,1.0,-0.7853981633974483,3.141592653589793
27.577164466275338,-7.778174593052025,1.0,-0.7853981633974483,3.141592653589793
28.284271247461884,-8.485281374238573,1.0,-0.7853981633974483,3.141592653589793
28.99137802864843,-9.192388155425121,1.0,-0.7853981633974483,3.141592653589793
29.698484809834977,-9.899494936611669,1.0,0.7853981633974483,4.71238898038469
30.405591591021523,-9.192388155425121,1.0,-0.7853981633974483,1.5707963267948966
31.11269837220807,-9.899494936611669,1.0,-0.7853981633974483,3.141592653589793
31.819805153394615,-10.606601717798217,1.0,-0.7853981633974483,3.141592653589793
32.526911934581165,-11.313708498984765,1.0,-0.7853981633974483,3.141592653589793
33.23401871576771,-12.020815280171313,1.0,0.7853981633974483,4.71238898038469
33.94112549695426,-11.313708498984765,1.0,-0.7853981633974483,1.5707963267948966
34.6482322781408,-12.020815280171313,1.0,-0.7853981633974483,3.141592653589793
35.35533905932735,-12.72792206135786,1.0,-0.7853981633974483,3.141592653589793
36.062445840513895,-13.435028842544408,1.0,0.7853981633974483,4.71238898038469
36.76955262170044,-12.72792206135786,1.0,0.7853981633974483,3.141592653589793
37.47665940288699,-12.020815280171313,1.0,0.7853981633974483,3.141592653589793
38.183766184073534,-11.313708498984765,1.0,-0.7853981633974483,1.5707963267948966
38.89087296526008,-12.020815280171313,1.0,-0.7853981633974483,3.141592653589793
39.597979746446626,-12.72792206135786,1.0,-0.7853981633974483,3.141592653589793
40.30508652763317,-13.435028842544408,1.0,-0.7853981633974483,3.141592653589793
41.01219330881972,-14.142135623730956,1.0,-0.7853981633974483,3.141592653589793
41.719300090006264,-14.849242404917504,1.0,0.7853981633974483,4.71238898038469
42.42640687119281,-14.142135623730956,1.0,0.7853981633974483,3.141592653589793
43.13351365237936,-13.435028842544408,1.0,0.7853981633974483,3.141592653589793
43.8406204335659,-12.72792206135786,1.0,-0.7853981633974483,1.5707963267948966
44.54772721475245,-13.435028842544408,1.0,0.7853981633974483,4.71238898038469
45.254833995938995,-12.72792206135786,1.0,-0.7853981633974483,1.5707963267948966
45.96194077712554,-13.435028842544408,1.0,0.7853981633974483,4.71238898038469
46.66904755831209,-12.72792206135786,1.0,-0.7853981633974483,1.5707963267948966
47.37615433949863,-13.435028842544408,1.0,0.7853981633974483,4.71238898038469
48.08326112068518,-12.72792206135786,1.0,0.7853981633974483,3.141592653589793
48.790367901871726,-12.020815280171313,1.0,-0.7853981633974483,1.5707963267948966
49.49747468305827,-12.72792206135786,1.0,0.7853981633974483,4.71238898038469
50.20458146424482,-12.020815280171313,1.0,0.7853981633974483,3.141592653589793
50.911688245431364,-11.313708498984765,1.0,-0.7853981633974483,1.5707963267948966
51.61879502661791,-12.020815280171313,1.0,-0.7853981633974483,3.141592653589793
52.325901807804456,-12.72792206135786,1.0,-0.7853981633974483,3.141592653589793
53.033008588991,-13.435028842544408,1.0,-0.7853981633974483,3.141592653589793
53.74011537017755,-14.142135623730956,1.0,-0.7853981633974483,3.141592653589793
54.447222151364095,-14.849242404917504,1.0,0.7853981633974483,4.71238898038469
55.15432893255064,-14.142135623730956,1.0,0.7853981633974483,3.141592653589793
55.86143571373719,-13.435028842544408,1.0,-0.7853981633974483,1.5707963267948966
56.56854249492373,-14.142135623730956,1.0,-0.7853981633974483,3.141592653589793
57.27564927611028,-14.849242404917504,1.0,0.7853981633974483,4.71238898038469
57.982756057296825,-14.142135623730956,1.0,0.7853981633974483,3.141592653589793
58.68986283848337,-13.435028842544408,1.0,-0.7853981633974483,1.5707963267948966
59.39696961966992,-14.142135623730956,1.0,0.7853981633974483,4.71238898038469
60.104076400856464,-13.435028842544408,1.0,0.7853981633974483,3.141592653589793
60.81118318204301,-12.72792206135786,1.0,0.7853981633974483,3.141592653589793
61.518289963229556,-12.020815280171313,1.0,-0.7853981633974483,1.5707963267948966
62.2253967444161,-12.72792206135786,1.0,0.7853981633974483,4.71238898038469
62.93250352560265,-12.020815280171313,1.0,0.7853981633974483,3.141592653589793
63.639610306789194,-11.313708498984765,1.0,-0.7853981633974483,1.5707963267948966
64.34671708797575,-12.020815280171313,1.0,-0.7853981633974483,3.141592653589793
65.0538238691623,-12.72792206135786,1.0,-0.7853981633974483,3.141592653589793
65.76093065034885,-13.435028842544408,1.0,0.7853981633974483,4.71238898038469
66.46803743153541,-12.72792206135786,1.0,-0.7853981633974483,1.5707963267948966
67.17514421272196,-13.435028842544408,1.0,-0.7853981633974483,3.141592653589793
67.88225099390851,-14.142135623730956,1.0,0.7853981633974483,4.71238898038469
68.58935777509507,-13.435028842544408,1.0,0.7853981633974483,3.141592653589793
69.29646455628162,-12.72792206135786,1.0,0.7853981633974483,3.141592653589793
70.00357133746817,-12.020815280171313,1.0,-0.7853981633974483,1.5707963267948966
70.71067811865473,-12.72792206135786,1.0,0.7853981633974483,4.71238898038469
71.41778489984128,-12.020815280171313,1.0,0.7853981633974483,3.141592653589793
72.12489168102783,-11.313708498984765,1.0,0.7853981633974483,3.141592653589793
72.83199846221439,-10.606601717798217,1.0,0.7853981633974483,3.141592653589793
73.53910524340094,-9.899494936611669,1.0,-0.7853981633974483,1.5707963267948966
74.24621202458749,-10.606601717798217,1.0,-0.7853981633974483,3.141592653589793
74.95331880577405,-11.313708498984765,1.0,-0.7853981633974483,3.141592653589793
75.6604255869606,-12.020815280171313,1.0,-0.7853981633974483,3.141592653589793
76.36753236814715,-12.72792206135786,1.0,-0.7853981633974483,3.141592653589793
77.0746391493337,-13.435028842544408,1.0,0.7853981633974483,4.71238898038469
77.78174593052026,-12.72792206135786,1.0,-0.7853981633974483,1.5707963267948966
78.48885271170681,-13.435028842544408,1.0,-0.7853981633974483,3.141592653589793
79.19595949289337,-14.142135623730956,1.0,0.7853981633974483,4.71238898038469
79.90306627407992,-13.435028842544408,1.0,0.7853981633974483,3.141592653589793
80.61017305526647,-12.72792206135786,1.0,0.7853981633974483,3.141592653589793
81.31727983645303,-12.020815280171313,1.0,-0.7853981633974483,1.5707963267948966
82.02438661763958,-12.72792206135786,1.0,0.7853981633974483,4.71238898038469
82.73149339882613,-12.020815280171313,1.0,0.7853981633974483,3.141592653589793
83.43860018001268,-11.313708498984765,1.0,0.7853981633974483,3.141592653589793
84.14570696119924,-10.606601717798217,1.0,-0.7853981633974483,1.5707963267948966
84.85281374238579,-11.313708498984765,1.0,0.7853981633974483,4.71238898038469
85.55992052357234,-10.606601717798217,1.0,0.7853981633974483,3.141592653589793
86.2670273047589,-9.899494936611669,1.0,-0.7853981633974483,1.5707963267948966
86.97413408594545,-10.606601717798217,1.0,0.7853981633974483,4.71238898038469
87.681240867132,-9.899494936611669,1.0,-0.7853981633974483,1.5707963267948966
88.38834764831856,-10.606601717798217,1.0,-0.7853981633974483,3.141592653589793
89.09545442950511,-11.313708498984765,1.0,-0.7853981633974483,3.141592653589793
89.80256121069166,-12.020815280171313,1.0,0.7853981633974483,4.71238898038469
90.50966799187822,-11.313708498984765,1.0,0.7853981633974483,3.141592653589793
91.21677477306477,-10.606601717798217,1.0,-0.7853981633974483,1.5707963267948966
91.92388155425132,-11.313708498984765,1.0,-0.7853981633974483,3.141592653589793
92.63098833543788,-12.020815280171313,1.0,0.7853981633974483,4.71238898038469
93.33809511662443,-11.313708498984765,1.0,0.7853981633974483,3.141592653589793
94.04520189781098,-10.606601717798217,1.0,0.7853981633974483,3.141592653589793
94.75230867899754,-9.899494936611669,1.0,0.7853981633974483,3.141592653589793
95.45941546018409,-9.192388155425121,1.0,-0.7853981633974483,1.5707963267948966
96.16652224137064,-9.899494936611669,1.0,0.7853981633974483,4.71238898038469
96.8736290225572,-9.192388155425121,1.0,0.7853981633974483,3.141592653589793
97.58073580374375,-8.485281374238573,1.0,0.7853981633974483,3.141592653589793
98.2878425849303,-7.778174593052025,1.0,0.7853981633974483,3.141592653589793
98.99494936611686,-7.071067811865477,1.0,-0.7853981633974483,1.5707963267948966
99.70205614730341,-7.778174593052025,1.0,-0.7853981633974483,3.141592653589793
100.40916292848996,-8.485281374238573,1.0,0.7853981633974483,4.71238898038469
101.11626970967652,-7.778174593052025,1.0,0.7853981633974483,3.141592653589793
101.82337649086307,-7.071067811865477,1.0,0.7853981633974483,3.141592653589793
102.53048327204962,-6.363961030678929,1.0,0.7853981633974483,3.141592653589793
103.23759005323618,-5.6568542494923815,1.0,-0.7853981633974483,1.5707963267948966
103.94469683442273,-6.363961030678929,1.0,0.7853981633974483,4.71238898038469
104.65180361560928,-5.6568542494923815,1.0,-0.7853981633974483,1.5707963267948966
105.35891039679584,-6.363961030678929,1.0,-0.7853981633974483,3.141592653589793
106.06601717798239,-7.071067811865477,1.0,0.7853981633974483,4.71238898038469
106.77312395916894,-6.363961030678929,1.0,-0.7853981633974483,1.5707963267948966
107.4802307403555,-7.071067811865477,1.0,-0.7853981633974483,3.141592653589793
108.18733752154205,-7.778174593052025,1.0,-0.7853981633974483,3.141592653589793
108.8944443027286,-8.485281374238573,1.0,0.7853981633974483,4.71238898038469
109.60155108391515,-7.778174593052025,1.0,0.7853981633974483,3.141592653589793
110.30865786510171,-7.071067811865477,1.0,-0.7853981633974483,1.5707963267948966
111.01576464628826,-7.778174593052025,1.0,-0.7853981633974483,3.141592653589793
111.72287142747481,-8.485281374238573,1.0,0.7853981633974483,4.71238898038469
112.42997820866137,-7.778174593052025,1.0,0.7853981633974483,3.141592653589793
113.13708498984792,-7.071067811865477,1.0,0.7853981633974483,3.141592653589793
113.84419177103447,-6.363961030678929,1.0,-0.7853981633974483,1.5707963267948966
114.55129855222103,-7.071067811865477,1.0,0.7853981633974483,4.71238898038469
115.25840533340758,-6.363961030678929,1.0,0.7853981633974483,3.141592653589793
115.96551211459413,-5.6568542494923815,1.0,0.7853981633974483,3.141592653589793
116.67261889578069,-4.949747468305834,1.0,-0.7853981633974483,1.5707963267948966
117.37972567696724,-5.6568542494923815,1.0,-0.7853981633974483,3.141592653589793
118.0868324581538,-6.363961030678929,1.0,-0.7853981633974483,3.141592653589793
118.79393923934035,-7.071067811865477,1.0,-0.7853981633974483,3.141592653589793
119.5010460205269,-7.778174593052025,1.0,-0.7853981633974483,3.141592653589793
120.20815280171345,-8.485281374238573,1.0,-0.7853981633974483,3.141592653589793
120.9152595829,-9.192388155425121,1.0,0.7853981633974483,4.71238898038469
121.62236636408656,-8.485281374238573,1.0,-0.7853981633974483,1.5707963267948966
122.32947314527311,-9.192388155425121,1.0,-0.7853981633974483,3.141592653589793
123.03657992645967,-9.899494936611669,1.0,0.7853981633974483,4.71238898038469
123.74368670764622,-9.192388155425121,1.0,-0.7853981633974483,1.5707963267948966
124.45079348883277,-9.899494936611669,1.0,-0.7853981633974483,3.141592653589793
125.15790027001933,-10.606601717798217,1.0,0.7853981633974483,4.71238898038469
125.86500705120588,-9.899494936611669,1.0,0.7853981633974483,3.141592653589793
126.57211383239243,-9.192388155425121,1.0,0.7853981633974483,3.141592653589793
127.27922061357899,-8.485281374238573,1.0,-0.7853981633974483,1.5707963267948966
127.98632739476554,-9.192388155425121,1.0,0.7853981633974483,4.71238898038469
128.6934341759521,-8.485281374238573,1.0,0.7853981633974483,3.141592653589793
129.40054095713865,-7.778174593052025,1.0,0.7853981633974483,3.141592653589793
130.1076477383252,-7.071067811865477,1.0,-0.7853981633974483,1.5707963267948966
130.81475451951175,-7.778174593052025,1.0,0.7853981633974483,4.71238898038469
131.5218613006983,-7.071067811865477,1.0,-0.7853981633974483,1.5707963267948966
132.22896808188486,-7.778174593052025,1.0,-0.7853981633974483,3.141592653589793
132.9360748630714,-8.485281374238573,1.0,-0.7853981633974483,3.141592653589793
133.64318164425796,-9.192388155425121,1.0,-0.7853981633974483,3.141592653589793
134.35028842544452,-9.899494936611669,1.0,-0.7853981633974483,3.141592653589793
135.05739520663107,-10.606601717798217,1.0,-0.7853981633974483,3.141592653589793
135.76450198781762,-11.313708498984765,1.0,-0.7853981633974483,3.141592653589793
136.47160876900418,-12.020815280171313,1.0,0.7853981633974483,4.71238898038469
137.17871555019073,-11.313708498984765,1.0,-0.7853981633974483,1.5707963267948966
137.88582233137728,-12.020815280171313,1.0,-0.7853981633974483,3.141592653589793
138.59292911256384,-12.72792206135786,1.0,0.7853981633974483,4.71238898038469
139.3000358937504,-12.020815280171313,1.0,0.7853981633974483,3.141592653589793
140.00714267493694,-11.313708498984765,1.0,-0.7853981633974483,1.5707963267948966
140.7142494561235,-12.020815280171313,1.0,0.7853981633974483,4.71238898038469
141.42135623731005,-11.313708498984765,1.0,0.7853981633974483,3.141592653589793
142.1284630184966,-10.606601717798217,1.0,0.7853981633974483,3.141592653589793
142.83556979968316,-9.899494936611669,1.0,-0.7853981633974483,1.5707963267948966
143.5426765808697,-10.606601717798217,1.0,-0.7853981633974483,3.141592653589793
144.24978336205626,-11.313708498984765,1.0,-0.7853981633974483,3.141592653589793
144.95689014324282,-12.020815280171313,1.0,0.7853981633974483,4.71238898038469
145.66399692442937,-11.313708498984765,1.0,0.7853981633974483,3.141592653589793
146.37110370561592,-10.606601717798217,1.0,0.7853981633974483,3.141592653589793
147.07821048680248,-9.899494936611669,1.0,0.7853981633974483,3.141592653589793
147.78531726798903,-9.192388155425121,1.0,-0.7853981633974483,1.5707963267948966
148.49242404917558,-9.899494936611669,1.0,0.7853981633974483,4.71238898038469
149.19953083036214,-9.192388155425121,1.0,-0.7853981633974483,1.5707963267948966
149.9066376115487,-9.899494936611669,1.0,-0.7853981633974483,3.141592653589793
150.61374439273524,-10.606601717798217,1.0,-0.7853981633974483,3.141592653589793
151.3208511739218,-11.313708498984765,1.0,-0.7853981633974483,3.141592653589793
152.02795795510835,-12.020815280171313,1.0,-0.7853981633974483,3.141592653589793
152.7350647362949,-12.72792206135786,1.0,0.7853981633974483,4.71238898038469
153.44217151748146,-12.020815280171313,1.0,0.7853981633974483,3.141592653589793
154.149278298668,-11.313708498984765,1.0,0.7853981633974483,3.141592653589793
154.85638507985456,-10.606601717798217,1.0,-0.7853981633974483,1.5707963267948966
155.56349186104111,-11.313708498984765,1.0,0.7853981633974483,4.71238898038469
156.27059864222767,-10.606601717798217,1.0,0.7853981633974483,3.141592653589793
156.97770542341422,-9.899494936611669,1.0,-0.7853981633974483,1.5707963267948966
157.68481220460077,-10.606601717798217,1.0,0.7853981633974483,4.71238898038469
158.39191898578733,-9.899494936611669,1.0,-0.7853981633974483,1.5707963267948966
159.09902576697388,-10.606601717798217,1.0,0.7853981633974483,4.71238898038469
159.80613254816043,-9.899494936611669,1.0,-0.7853981633974483,1.5707963267948966
160.513239329347,-10.606601717798217,1.0,-0.7853981633974483,3.141592653589793
161.22034611053354,-11.313708498984765,1.0,-0.7853981633974483,3.141592653589793
161.9274528917201,-12.020815280171313,1.0,-0.7853981633974483,3.141592653589793
162.63455967290665,-12.72792206135786,1.0,0.7853981633974483,4.71238898038469
163.3416664540932,-12.020815280171313,1.0,0.7853981633974483,3.141592653589793
164.04877323527975,-11.313708498984765,1.0,-0.7853981633974483,1.5707963267948966
164.7558800164663,-12.020815280171313,1.0,0.7853981633974483,4.71238898038469
165.46298679765286,-11.313708498984765,1.0,0.7853981633974483,3.141592653589793
166.1700935788394,-10.606601717798217,1.0,-0.7853981633974483,1.5707963267948966
166.87720036002597,-11.313708498984765,1.0,-0.7853981633974483,3.141592653589793
167.58430714121252,-12.020815280171313,1.0,0.7853981633974483,4.71238898038469
168.29141392239907,-11.313708498984765,1.0,-0.7853981633974483,1.5707963267948966
168.99852070358563,-12.020815280171313,1.0,-0.7853981633974483,3.141592653589793
169.70562748477218,-12.72792206135786,1.0,-0.7853981633974483,3.141592653589793
170.41273426595873,-13.435028842544408,1.0,-0.7853981633974483,3.141592653589793
171.1198410471453,-14.142135623730956,1.0,-0.7853981633974483,3.141592653589793
171.82694782833184,-14.849242404917504,1.0,-0.7853981633974483,3.141592653589793
172.5340546095184,-15.556349186104052,1.0,0.7853981633974483,4.71238898038469
173.24116139070495,-14.849242404917504,1.0,-0.7853981633974483,1.5707963267948966
173.9482681718915,-15.556349186104052,1.0,0.7853981633974483,4.71238898038469
174.65537495307805,-14.849242404917504,1.0,0.7853981633974483,3.141592653589793
175.3624817342646,-14.142135623730956,1.0,0.7853981633974483,3.141592653589793
176.06958851545116,-13.435028842544408,1.0,-0.7853981633974483,1.5707963267948966
176.7766952966377,-14.142135623730956,1.0,0.7853981633974483,4.71238898038469
177.48380207782427,-13.435028842544408,1.0,-0.7853981633974483,1.5707963267948966
178.19090885901082,-14.142135623730956,1.0,-0.7853981633974483,3.141592653589793
178.89801564019737,-14.849242404917504,1.0,-0.7853981633974483,3.141592653589793
179.60512242138392,-15.556349186104052,1.0,0.7853981633974483,4.71238898038469
180.31222920257048,-14.849242404917504,1.0,-0.7853981633974483,1.5707963267948966
181.01933598375703,-15.556349186104052,1.0,-0.7853981633974483,3.141592653589793
181.72644276494358,-16.2634559672906,1.0,-0.7853981633974483,3.141592653589793
182.43354954613014,-16.970562748477146,1.0,0.7853981633974483,4.71238898038469
183.1406563273167,-16.2634559672906,1.0,-0.7853981633974483,1.5707963267948966
183.84776310850324,-16.970562748477146,1.0,0.7853981633974483,4.71238898038469
184.5548698896898,-16.2634559672906,1.0,0.7853981633974483,3.141592653589793
185.26197667087635,-15.556349186104052,1.0,-0.7853981633974483,1.5707963267948966
185.9690834520629,-16.2634559672906,1.0,0.7853981633974483,4.71238898038469
186.67619023324946,-15.556349186104052,1.0,-0.7853981633974483,1.5707963267948966
187.383297014436,-16.2634559672906,1.0,-0.7853981633974483,3.141592653589793
188.09040379562256,-16.970562748477146,1.0,-0.7853981633974483,3.141592653589793
188.79751057680912,-17.677669529663692,1.0,-0.7853981633974483,3.141592653589793
189.50461735799567,-18.38477631085024,1.0,-0.7853981633974483,3.141592653589793
190.21172413918222,-19.091883092036785,1.0,0.7853981633974483,4.71238898038469
190.91883092036878,-18.38477631085024,1.0,0.7853981633974483,3.141592653589793
191.62593770155533,-17.677669529663692,1.0,0.7853981633974483,3.141592653589793
192.33304448274188,-16.970562748477146,1.0,-0.7853981633974483,1.5707963267948966
193.04015126392844,-17.677669529663692,1.0,0.7853981633974483,4.71238898038469
193.747258045115,-16.970562748477146,1.0,0.7853981633974483,3.141592653589793
194.45436482630154,-16.2634559672906,1.0,0.7853981633974483,3.141592653589793
195.1614716074881,-15.556349186104052,1.0,-0.7853981633974483,1.5707963267948966
195.86857838867465,-16.2634559672906,1.0,-0.7853981633974483,3.141592653589793
196.5756851698612,-16.970562748477146,1.0,0.7853981633974483,4.71238898038469
197.28279195104776,-16.2634559672906,1.0,0.7853981633974483,3.141592653589793
197.9898987322343,-15.556349186104052,1.0,0.7853981633974483,3.141592653589793
198.69700551342086,-14.849242404917504,1.0,-0.7853981633974483,1.5707963267948966
199.40411229460742,-15.556349186104052,1.0,0.7853981633974483,4.71238898038469
200.11121907579397,-14.849242404917504,1.0,-0.7853981633974483,1.5707963267948966
200.81832585698052,-15.556349186104052,1.0,0.7853981633974483,4.71238898038469
201.52543263816708,-14.849242404917504,1.0,-0.7853981633974483,1.5707963267948966
202.23253941935363,-15.556349186104052,1.0,-0.7853981633974483,3.141592653589793
202.93964620054018,-16.2634559672906,1.0,-0.7853981633974483,3.141592653589793
203.64675298172673,-16.970562748477146,1.0,-0.7853981633974483,3.141592653589793
204.3538597629133,-17.677669529663692,1.0,-0.7853981633974483,3.141592653589793
205.06096654409984,-18.38477631085024,1.0,-0.7853981633974483,3.141592653589793
205.7680733252864,-19.091883092036785,1.0,-0.7853981633974483,3.141592653589793
206.47518010647295,-19.79898987322333,1.0,0.7853981633974483,4.71238898038469
207.1822868876595,-19.091883092036785,1.0,0.7853981633974483,3.141592653589793
207.88939366884605,-18.38477631085024,1.0,-0.7853981633974483,1.5707963267948966
208.5965004500326,-19.091883092036785,1.0,0.7853981633974483,4.71238898038469
209.30360723121916,-18.38477631085024,1.0,-0.7853981633974483,1.5707963267948966
210.0107140124057,-19.091883092036785,1.0,0.7853981633974483,4.71238898038469
210.71782079359227,-18.38477631085024,1.0,-0.7853981633974483,1.5707963267948966
211.42492757477882,-19.091883092036785,1.0,-0.7853981633974483,3.141592653589793
212.13203435596537,-19.79898987322333,1.0,-0.7853981633974483,3.141592653589793
212.83914113715193,-20.506096654409877,1.0,-0.7853981633974483,3.141592653589793
213.54624791833848,-21.213203435596423,1.0,-0.7853981633974483,3.141592653589793
214.25335469952503,-21.92031021678297,1.0,-0.7853981633974483,3.141592653589793
214.9604614807116,-22.627416997969515,1.0,0.7853981633974483,4.71238898038469
215.66756826189814,-21.92031021678297,1.0,-0.7853981633974483,1.5707963267948966
216.3746750430847,-22.627416997969515,1.0,-0.7853981633974483,3.141592653589793
217.08178182427125,-23.33452377915606,1.0,0.7853981633974483,4.71238898038469
217.7888886054578,-22.627416997969515,1.0,0.7853981633974483,3.141592653589793
218.49599538664435,-21.92031021678297,1.0,-0.7853981633974483,1.5707963267948966
219.2031021678309,-22.627416997969515,1.0,-0.7853981633974483,3.141592653589793
219.91020894901746,-23.33452377915606,1.0,0.7853981633974483,4.71238898038469
220.617315730204,-22.627416997969515,1.0,0.7853981633974483,3.141592653589793
221.32442251139057,-21.92031021678297,1.0,0.7853981633974483,3.141592653589793
222.03152929257712,-21.213203435596423,1.0,0.7853981633974483,3.141592653589793
222.73863607376367,-20.506096654409877,1.0,0.7853981633974483,3.141592653589793
223.44574285495023,-19.79898987322333,1.0,-0.7853981633974483,1.5707963267948966
224.15284963613678,-20.506096654409877,1.0,0.7853981633974483,4.71238898038469
224.85995641732333,-19.79898987322333,1.0,-0.7853981633974483,1.5707963267948966
225.56706319850989,-20.506096654409877,1.0,0.7853981633974483,4.71238898038469
226.27416997969644,-19.79898987322333,1.0,-0.7853981633974483,1.5707963267948966
226.981276760883,-20.506096654409877,1.0,-0.7853981633974483,3.141592653589793
227.68838354206954,-21.213203435596423,1.0,-0.7853981633974483,3.141592653589793
228.3954903232561,-21.92031021678297,1.0,0.7853981633974483,4.71238898038469
229.10259710444265,-21.213203435596423,1.0,0.7853981633974483,3.141592653589793
229.8097038856292,-20.506096654409877,1.0,0.7853981633974483,3.141592653589793
230.51681066681576,-19.79898987322333,1.0,-0.7853981633974483,1.5707963267948966
231.2239174480023,-20.506096654409877,1.0,0.7853981633974483,4.71238898038469
231.93102422918886,-19.79898987322333,1.0,0.7853981633974483,3.141592653589793
232.63813101037542,-19.091883092036785,1.0,-0.7853981633974483,1.5707963267948966
233.34523779156197,-19.79898987322333,1.0,-0.7853981633974483,3.141592653589793
234.05234457274852,-20.506096654409877,1.0,0.7853981633974483,4.71238898038469
234.75945135393508,-19.79898987322333,1.0,0.7853981633974483,3.141592653589793
235.46655813512163,-19.091883092036785,1.0,0.7853981633974483,3.141592653589793
236.17366491630818,-18.38477631085024,1.0,0.7853981633974483,3.141592653589793
236.88077169749474,-17.677669529663692,1.0,0.7853981633974483,3.141592653589793
237.5878784786813,-16.970562748477146,1.0,0.7853981633974483,3.141592653589793
238.29498525986784,-16.2634559672906,1.0,0.7853981633974483,3.141592653589793
239.0020920410544,-15.556349186104052,1.0,-0.7853981633974483,1.5707963267948966
239.70919882224095,-16.2634559672906,1.0,0.7853981633974483,4.71238898038469
240.4163056034275,-15.556349186104052,1.0,-0.7853981633974483,1.5707963267948966
241.12341238461406,-16.2634559672906,1.0,0.7853981633974483,4.71238898038469
241.8305191658006,-15.556349186104052,1.0,-0.7853981633974483,1.5707963267948966
242.53762594698716,-16.2634559672906,1.0,0.7853981633974483,4.71238898038469
243.24473272817372,-15.556349186104052,1.0,-0.7853981633974483,1.5707963267948966
243.95183950936027,-16.2634559672906,1.0,-0.7853981633974483,3.141592653589793
244.65894629054682,-16.970562748477146,1.0,0.7853981633974483,4.71238898038469
245.36605307173338,-16.2634559672906,1.0,-0.7853981633974483,1.5707963267948966
246.07315985291993,-16.970562748477146,1.0,0.7853981633974483,4.71238898038469
246.78026663410648,-16.2634559672906,1.0,-0.7853981633974483,1.5707963267948966
247.48737341529304,-16.970562748477146,1.0,-0.7853981633974483,3.141592653589793
248.1944801964796,-17.677669529663692,1.0,0.7853981633974483,4.71238898038469
248.90158697766614,-16.970562748477146,1.0,0.7853981633974483,3.141592653589793
249.6086937588527,-16.2634559672906,1.0,0.7853981633974483,3.141592653589793
250.31580054003925,-15.556349186104052,1.0,-0.7853981633974483,1.5707963267948966
251.0229073212258,-16.2634559672906,1.0,-0.7853981633974483,3.141592653589793
251.73001410241235,-16.970562748477146,1.0,0.7853981633974483,4.71238898038469
252.4371208835989,-16.2634559672906,1.0,-0.7853981633974483,1.5707963267948966
253.14422766478546,-16.970562748477146,1.0,-0.7853981633974483,3.141592653589793
253.85133444597201,-17.677669529663692,1.0,-0.7853981633974483,3.141592653589793
254.55844122715857,-18.38477631085024,1.0,0.7853981633974483,4.71238898038469
255.26554800834512,-17.677669529663692,1.0,0.7853981633974483,3.141592653589793
255.97265478953167,-16.970562748477146,1.0,-0.7853981633974483,1.5707963267948966
256.6797615707182,-17.677669529663692,1.0,-0.7853981633974483,3.141592653589793
257.38686835190475,-18.38477631085024,1.0,0.7853981633974483,4.71238898038469
258.0939751330913,-17.677669529663692,1.0,-0.7853981633974483,1.5707963267948966
258.80108191427786,-18.38477631085024,1.0,0.7853981633974483,4.71238898038469
259.5081886954644,-17.677669529663692,1.0,0.7853981633974483,3.141592653589793
260.21529547665097,-16.970562748477146,1.0,0.7853981633974483,3.141592653589793
260.9224022578375,-16.2634559672906,1.0,0.7853981633974483,3.141592653589793
261.6295090390241,-15.556349186104052,1.0,-0.7853981633974483,1.5707963267948966
262.3366158202106,-16.2634559672906,1.0,0.7853981633974483,4.71238898038469
263.0437226013972,-15.556349186104052,1.0,-0.7853981633974483,1.5707963267948966
263.75082938258373,-16.2634559672906,1.0,0.7853981633974483,4.71238898038469
264.4579361637703,-15.556349186104052,1.0,-0.7853981633974483,1.5707963267948966
265.16504294495684,-16.2634559672906,1.0,-0.7853981633974483,3.141592653589793
265.8721497261434,-16.970562748477146,1.0,-0.7853981633974483,3.141592653589793
266.57925650732994,-17.677669529663692,1.0,0.7853981633974483,4.71238898038469
267.2863632885165,-16.970562748477146,1.0,-0.7853981633974483,1.5707963267948966
267.99347006970305,-17.677669529663692,1.0,-0.7853981633974483,3.141592653589793
268.7005768508896,-18.38477631085024,1.0,0.7853981633974483,4.71238898038469
269.40768363207616,-17.677669529663692,1.0,-0.7853981633974483,1.5707963267948966
270.1147904132627,-18.38477631085024,1.0,-0.7853981633974483,3.141592653589793
270.82189719444926,-19.091883092036785,1.0,-0.7853981633974483,3.141592653589793
271.5290039756358,-19.79898987322333,1.0,0.7853981633974483,4.71238898038469
272.23611075682237,-19.091883092036785,1.0,-0.7853981633974483,1.5707963267948966
272.9432175380089,-19.79898987322333,1.0,0.7853981633974483,4.71238898038469
273.6503243191955,-19.091883092036785,1.0,0.7853981633974483,3.141592653589793
274.35743110038203,-18.38477631085024,1.0,-0.7853981633974483,1.5707963267948966
275.0645378815686,-19.091883092036785,1.0,-0.7853981633974483,3.141592653589793
275.77164466275514,-19.79898987322333,1.0,0.7853981633974483,4.71238898038469
276.4787514439417,-19.091883092036785,1.0,-0.7853981633974483,1.5707963267948966
277.18585822512824,-19.79898987322333,1.0,-0.7853981633974483,3.141592653589793
277.8929650063148,-20.506096654409877,1.0,-0.7853981633974483,3.141592653589793
278.60007178750135,-21.213203435596423,1.0,-0.7853981633974483,3.141592653589793
279.3071785686879,-21.92031021678297,1.0,-0.7853981633974483,3.141592653589793
280.01428534987446,-22.627416997969515,1.0,-0.7853981633974483,3.141592653589793
280.721392131061,-23.33452377915606,1.0,0.7853981633974483,4.71238898038469
281.42849891224756,-22.627416997969515,1.0,0.7853981633974483,3.141592653589793
282.1356056934341,-21.92031021678297,1.0,0.7853981633974483,3.141592653589793
282.84271247462067,-21.213203435596423,1.0,0.7853981633974483,3.141592653589793
283.5498192558072,-20.506096654409877,1.0,-0.7853981633974483,1.5707963267948966
284.2569260369938,-21.213203435596423,1.0,-0.7853981633974483,3.141592653589793
284.9640328181803,-21.92031021678297,1.0,-0.7853981633974483,3.141592653589793
285.6711395993669,-22.627416997969515,1.0,0.7853981633974483,4.71238898038469
286.37824638055343,-21.92031021678297,1.0,0.7853981633974483,3.141592653589793
287.08535316174,-21.213203435596423,1.0,-0.7853981633974483,1.5707963267948966
287.79245994292654,-21.92031021678297,1.0,-0.7853981633974483,3.141592653589793
288.4995667241131,-22.627416997969515,1.0,-0.7853981633974483,3.141592653589793
289.20667350529965,-23.33452377915606,1.0,0.7853981633974483,4.71238898038469
289.9137802864862,-22.627416997969515,1.0,-0.7853981633974483,1.5707963267948966
290.62088706767275,-23.33452377915606,1.0,0.7853981633974483,4.71238898038469
291.3279938488593,-22.627416997969515,1.0,0.7853981633974483,3.141592653589793
292.03510063004586,-21.92031021678297,1.0,-0.7853981633974483,1.5707963267948966
292.7422074112324,-22.627416997969515,1.0,0.7853981633974483,4.71238898038469
293.44931419241897,-21.92031021678297,1.0,0.7853981633974483,3.141592653589793
294.1564209736055,-21.213203435596423,1.0,0.7853981633974483,3.141592653589793
294.8635277547921,-20.506096654409877,1.0,0.7853981633974483,3.141592653589793
295.5706345359786,-19.79898987322333,1.0,0.7853981633974483,3.141592653589793
296.2777413171652,-19.091883092036785,1.0,0.7853981633974483,3.141592653589793
296.98484809835173,-18.38477631085024,1.0,-0.7853981633974483,1.5707963267948966
297.6919548795383,-19.091883092036785,1.0,0.7853981633974483,4.71238898038469
298.39906166072484,-18.38477631085024,1.0,0.7853981633974483,3.141592653589793
299.1061684419114,-17.677669529663692,1.0,-0.7853981633974483,1.5707963267948966
299.81327522309795,-18.38477631085024,1.0,0.7853981633974483,4.71238898038469
300.5203820042845,-17.677669529663692,1.0,0.7853981633974483,3.141592653589793
301.22748878547105,-16.970562748477146,1.0,0.7853981633974483,3.141592653589793
301.9345955666576,-16.2634559672906,1.0,0.7853981633974483,3.141592653589793
302.64170234784416,-15.556349186104052,1.0,0.7853981633974483,3.141592653589793
303.3488091290307,-14.849242404917504,1.0,0.7853981633974483,3.141592653589793
304.05591591021727,-14.142135623730956,1.0,-0.7853981633974483,1.5707963267948966
304.7630226914038,-14.849242404917504,1.0,-0.7853981633974483,3.141592653589793
305.4701294725904,-15.556349186104052,1.0,0.7853981633974483,4.71238898038469
306.1772362537769,-14.849242404917504,1.0,0.7853981633974483,3.141592653589793
306.8843430349635,-14.142135623730956,1.0,-0.7853981633974483,1.5707963267948966
307.59144981615003,-14.849242404917504,1.0,-0.7853981633974483,3.141592653589793
308.2985565973366,-15.556349186104052,1.0,0.7853981633974483,4.71238898038469
309.00566337852314,-14.849242404917504,1.0,-0.7853981633974483,1.5707963267948966
309.7127701597097,-15.556349186104052,1.0,0.7853981633974483,4.71238898038469
310.41987694089624,-14.849242404917504,1.0,-0.7853981633974483,1.5707963267948966
311.1269837220828,-15.556349186104052,1.0,0.7853981633974483,4.71238898038469
311.83409050326935,-14.849242404917504,1.0,0.7853981633974483,3.141592653589793
312.5411972844559,-14.142135623730956,1.0,-0.7853981633974483,1.5707963267948966
313.24830406564246,-14.849242404917504,1.0,-0.7853981633974483,3.141592653589793
313.955410846829,-15.556349186104052,1.0,-0.7853981633974483,3.141592653589793
314.66251762801556,-16.2634559672906,1.0,0.7853981633974483,4.71238898038469
315.3696244092021,-15.556349186104052,1.0,0.7853981633974483,3.141592653589793
316.07673119038867,-14.849242404917504,1.0,-0.7853981633974483,1.5707963267948966
316.7838379715752,-15.556349186104052,1.0,-0.7853981633974483,3.141592653589793
317.4909447527618,-16.2634559672906,1.0,0.7853981633974483,4.71238898038469
318.19805153394833,-15.556349186104052,1.0,0.7853981633974483,3.141592653589793
318.9051583151349,-14.849242404917504,1.0,0.7853981633974483,3.141592653589793
319.61226509632144,-14.142135623730956,1.0,0.7853981633974483,3.141592653589793
320.319371877508,-13.435028842544408,1.0,0.7853981633974483,3.141592653589793
321.02647865869454,-12.72792206135786,1.0,0.7853981633974483,3.141592653589793
321.7335854398811,-12.020815280171313,1.0,-0.7853981633974483,1.5707963267948966
322.44069222106765,-12.72792206135786,1.0,0.7853981633974483,4.71238898038469
323.1477990022542,-12.020815280171313,1.0,0.7853981633974483,3.141592653589793
323.85490578344076,-11.313708498984765,1.0,-0.7853981633974483,1.5707963267948966
324.5620125646273,-12.020815280171313,1.0,0.7853981633974483,4.71238898038469
325.26911934581386,-11.313708498984765,1.0,-0.7853981633974483,1.5707963267948966
325.9762261270004,-12.020815280171313,1.0,-0.7853981633974483,3.141592653589793
326.68333290818697,-12.72792206135786,1.0,0.7853981633974483,4.71238898038469
327.3904396893735,-12.020815280171313,1.0,0.7853981633974483,3.141592653589793
328.0975464705601,-11.313708498984765,1.0,-0.7853981633974483,1.5707963267948966
328.80465325174663,-12.020815280171313,1.0,0.7853981633974483,4.71238898038469
329.5117600329332,-11.313708498984765,1.0,0.7853981633974483,3.141592653589793
330.21886681411974,-10.606601717798217,1.0,0.7853981633974483,3.141592653589793
330.9259735953063,-9.899494936611669,1.0,-0.7853981633974483,1.5707963267948966
331.63308037649284,-10.606601717798217,1.0,0.7853981633974483,4.71238898038469
332.3401871576794,-9.899494936611669,1.0,0.7853981633974483,3.141592653589793
333.04729393886595,-9.192388155425121,1.0,-0.7853981633974483,1.5707963267948966
333.7544007200525,-9.899494936611669,1.0,0.7853981633974483,4.71238898038469
334.46150750123905,-9.192388155425121,1.0,0.7853981633974483,3.141592653589793
335.1686142824256,-8.485281374238573,1.0,-0.7853981633974483,1.5707963267948966
335.87572106361216,-9.192388155425121,1.0,0.7853981633974483,4.71238898038469
336.5828278447987,-8.485281374238573,1.0,0.7853981633974483,3.141592653589793
337.28993462598527,-7.778174593052025,1.0,-0.7853981633974483,1.5707963267948966
337.9970414071718,-8.485281374238573,1.0,-0.7853981633974483,3.141592653589793
338.7041481883584,-9.192388155425121,1.0,-0.7853981633974483,3.141592653589793
339.4112549695449,-9.899494936611669,1.0,-0.7853981633974483,3.141592653589793
340.1183617507315,-10.606601717798217,1.0,0.7853981633974483,4.71238898038469
340.82546853191803,-9.899494936611669,1.0,-0.7853981633974483,1.5707963267948966
341.5325753131046,-10.606601717798217,1.0,-0.7853981633974483,3.141592653589793
342.23968209429114,-11.313708498984765,1.0,-0.7853981633974483,3.141592653589793
342.9467888754777,-12.020815280171313,1.0,-0.7853981633974483,3.141592653589793
343.65389565666425,-12.72792206135786,1.0,-0.7853981633974483,3.141592653589793
344.3610024378508,-13.435028842544408,1.0,0.7853981633974483,4.71238898038469
345.06810921903735,-12.72792206135786,1.0,0.7853981633974483,3.141592653589793
345.7752160002239,-12.020815280171313,1.0,-0.7853981633974483,1.5707963267948966
346.48232278141046,-12.72792206135786,1.0,-0.7853981633974483,3.141592653589793
347.189429562597,-13.435028842544408,1.0,0.7853981633974483,4.71238898038469
347.89653634378357,-12.72792206135786,1.0,0.7853981633974483,3.141592653589793
348.6036431249701,-12.020815280171313,1.0,-0.7853981633974483,1.5707963267948966
349.3107499061567,-12.72792206135786,1.0,0.7853981633974483,4.71238898038469
350.0178566873432,-12.020815280171313,1.0,0.7853981633974483,3.141592653589793
350.7249634685298,-11.313708498984765,1.0,0.7853981633974483,3.141592653589793
351.43207024971633,-10.606601717798217,1.0,0.7853981633974483,3.141592653589793
352.1391770309029,-9.899494936611669,1.0,0.7853981633974483,3.141592653589793
352.84628381208944,-9.192388155425121,1.0,-0.7853981633974483,1.5707963267948966
353.553390593276,-9.899494936611669,1.0,-0.7853981633974483,3.141592653589793
354.26049737446255,-10.606601717798217,1.0,-0.7853981633974483,3.141592653589793
354.9676041556491,-11.313708498984765,1.0,-0.7853981633974483,3.141592653589793
355.67471093683565,-12.020815280171313,1.0,0.7853981633974483,4.71238898038469
356.3818177180222,-11.313708498984765,1.0,0.7853981633974483,3.141592653589793
357.08892449920876,-10.606601717798217,1.0,0.7853981633974483,3.141592653589793
357.7960312803953,-9.899494936611669,1.0,0.7853981633974483,3.141592653589793
358.50313806158186,-9.192388155425121,1.0,0.7853981633974483,3.141592653589793
359.2102448427684,-8.485281374238573,1.0,-0.7853981633974483,1.5707963267948966
359.91735162395497,-9.192388155425121,1.0,0.7853981633974483,4.71238898038469
360.6244584051415,-8.485281374238573,1.0,0.7853981633974483,3.141592653589793
361.3315651863281,-7.778174593052025,1.0,0.7853981633974483,3.141592653589793
362.03867196751463,-7.071067811865477,1.0,-0.7853981633974483,1.5707963267948966
362.7457787487012,-7.778174593052025,1.0,-0.7853981633974483,3.141592653589793
363.45288552988774,-8.485281374238573,1.0,-0.7853981633974483,3.141592653589793
364.1599923110743,-9.192388155425121,1.0,0.7853981633974483,4.71238898038469
364.86709909226084,-8.485281374238573,1.0,-0.7853981633974483,1.5707963267948966
365.5742058734474,-9.192388155425121,1.0,-0.7853981633974483,3.141592653589793
366.28131265463395,-9.899494936611669,1.0,-0.7853981633974483,3.141592653589793
366.9884194358205,-10.606601717798217,1.0,-0.7853981633974483,3.141592653589793
367.69552621700706,-11.313708498984765,1.0,-0.7853981633974483,3.141592653589793
368.4026329981936,-12.020815280171313,1.0,0.7853981633974483,4.71238898038469
369.10973977938016,-11.313708498984765,1.0,0.7853981633974483,3.141592653589793
369.8168465605667,-10.606601717798217,1.0,0.7853981633974483,3.141592653589793
370.52395334175327,-9.899494936611669,1.0,0.7853981633974483,3.141592653589793
371.2310601229398,-9.192388155425121,1.0,-0.7853981633974483,1.5707963267948966
371.9381669041264,-9.899494936611669,1.0,-0.7853981633974483,3.141592653589793
372.64527368531293,-10.606601717798217,1.0,-0.7853981633974483,3.141592653589793
373.3523804664995,-11.313708498984765,1.0,-0.7853981633974483,3.141592653589793
374.05948724768604,-12.020815280171313,1.0,-0.7853981633974483,3.141592653589793
374.7665940288726,-12.72792206135786,1.0,0.7853981633974483,4.71238898038469
375.47370081005914,-12.020815280171313,1.0,-0.7853981633974483,1.5707963267948966
376.1808075912457,-12.72792206135786,1.0,-0.7853981633974483,3.141592653589793
376.88791437243225,-13.435028842544408,1.0,0.7853981633974483,4.71238898038469
377.5950211536188,-12.72792206135786,1.0,0.7853981633974483,3.141592653589793
378.30212793480536,-12.020815280171313,1.0,-0.7853981633974483,1.5707963267948966
379.0092347159919,-12.72792206135786,1.0,-0.7853981633974483,3.141592653589793
379.71634149717846,-13.435028842544408,1.0,0.7853981633974483,4.71238898038469
380.423448278365,-12.72792206135786,1.0,0.7853981633974483,3.141592653589793
381.13055505955157,-12.020815280171313,1.0,0.7853981633974483,3.141592653589793
381.8376618407381,-11.313708498984765,1.0,0.7853981633974483,3.141592653589793
382.5447686219247,-10.606601717798217,1.0,0.7853981633974483,3.141592653589793
383.2518754031112,-9.899494936611669,1.0,-0.7853981633974483,1.5707963267948966
383.9589821842978,-10.606601717798217,1.0,0.7853981633974483,4.71238898038469
384.66608896548433,-9.899494936611669,1.0,0.7853981633974483,3.141592653589793
385.3731957466709,-9.192388155425121,1.0,0.7853981633974483,3.141592653589793
386.08030252785744,-8.485281374238573,1.0,0.7853981633974483,3.141592653589793
386.787409309044,-7.778174593052025,1.0,-0.7853981633974483,1.5707963267948966
387.49451609023055,-8.485281374238573,1.0,-0.7853981633974483,3.141592653589793
388.2016228714171,-9.192388155425121,1.0,0.7853981633974483,4.71238898038469
388.90872965260365,-8.485281374238573,1.0,-0.7853981633974483,1.5707963267948966
389.6158364337902,-9.192388155425121,1.0,-0.7853981633974483,3.141592653589793
390.32294321497676,-9.899494936611669,1.0,0.7853981633974483,4.71238898038469
391.0300499961633,-9.192388155425121,1.0,-0.7853981633974483,1.5707963267948966
391.73715677734987,-9.899494936611669,1.0,-0.7853981633974483,3.141592653589793
392.4442635585364,-10.606601717798217,1.0,0.7853981633974483,4.71238898038469
393.151370339723,-9.899494936611669,1.0,-0.7853981633974483,1.5707963267948966
393.8584771209095,-10.606601717798217,1.0,-0.7853981633974483,3.141592653589793
394.5655839020961,-11.313708498984765,1.0,-0.7853981633974483,3.141592653589793
395.27269068328263,-12.020815280171313,1.0,0.7853981633974483,4.71238898038469
395.9797974644692,-11.313708498984765,1.0,-0.7853981633974483,1.5707963267948966
396.68690424565574,-12.020815280171313,1.0,-0.7853981633974483,3.141592653589793
397.3940110268423,-12.72792206135786,1.0,0.7853981633974483,4.71238898038469
398.10111780802885,-12.020815280171313,1.0,0.7853981633974483,3.141592653589793
398.8082245892154,-11.313708498984765,1.0,-0.7853981633974483,1.5707963267948966
399.51533137040195,-12.020815280171313,1.0,0.7853981633974483,4.71238898038469
400.2224381515885,-11.313708498984765,1.0,-0.7853981633974483,1.5707963267948966
400.92954493277506,-12.020815280171313,1.0,-0.7853981633974483,3.141592653589793
401.6366517139616,-12.72792206135786,1.0,0.7853981633974483,4.71238898038469
402.34375849514817,-12.020815280171313,1.0,-0.7853981633974483,1.5707963267948966
403.0508652763347,-12.72792206135786,1.0,-0.7853981633974483,3.141592653589793
403.7579720575213,-13.435028842544408,1.0,-0.7853981633974483,3.141592653589793
404.4650788387078,-14.142135623730956,1.0,-0.7853981633974483,3.141592653589793
405.1721856198944,-14.849242404917504,1.0,-0.7853981633974483,3.141592653589793
405.87929240108093,-15.556349186104052,1.0,-0.7853981633974483,3.141592653589793
406.5863991822675,-16.2634559672906,1.0,0.7853981633974483,4.71238898038469
407.29350596345404,-15.556349186104052,1.0,0.7853981633974483,3.141592653589793
408.0006127446406,-14.849242404917504,1.0,-0.7853981633974483,1.5707963267948966
408.70771952582714,-15.556349186104052,1.0,-0.7853981633974483,3.141592653589793
409.4148263070137,-16.2634559672906,1.0,0.7853981633974483,4.71238898038469
410.12193308820025,-15.556349186104052,1.0,0.7853981633974483,3.141592653589793
410.8290398693868,-14.849242404917504,1.0,0.7853981633974483,3.141592653589793
411.53614665057336,-14.142135623730956,1.0,-0.7853981633974483,1.5707963267948966
412.2432534317599,-14.849242404917504,1.0,-0.7853981633974483,3.141592653589793
412.95036021294646,-15.556349186104052,1.0,0.7853981633974483,4.71238898038469
413.657466994133,-14.849242404917504,1.0,-0.7853981633974483,1.5707963267948966
414.36457377531957,-15.556349186104052,1.0,0.7853981633974483,4.71238898038469
415.0716805565061,-14.849242404917504,1.0,-0.7853981633974483,1.5707963267948966
415.7787873376927,-15.556349186104052,1.0,0.7853981633974483,4.71238898038469
416.48589411887923,-14.849242404917504,1.0,0.7853981633974483,3.141592653589793
417.1930009000658,-14.142135623730956,1.0,-0.7853981633974483,1.5707963267948966
417.90010768125234,-14.849242404917504,1.0,-0.7853981633974483,3.141592653589793
418.6072144624389,-15.556349186104052,1.0,0.7853981633974483,4.71238898038469
419.31432124362544,-14.849242404917504,1.0,0.7853981633974483,3.141592653589793
420.021428024812,-14.142135623730956,1.0,-0.7853981633974483,1.5707963267948966
420.72853480599855,-14.849242404917504,1.0,-0.7853981633974483,3.141592653589793
421.4356415871851,-15.556349186104052,1.0,-0.7853981633974483,3.141592653589793
422.14274836837166,-16.2634559672906,1.0,-0.7853981633974483,3.141592653589793
422.8498551495582,-16.970562748477146,1.0,-0.7853981633974483,3.141592653589793
423.55696193074476,-17.677669529663692,1.0,-0.7853981633974483,3.141592653589793
424.2640687119313,-18.38477631085024,1.0,0.7853981633974483,4.71238898038469
424.97117549311787,-17.677669529663692,1.0,-0.7853981633974483,1.5707963267948966
425.6782822743044,-18.38477631085024,1.0,-0.7853981633974483,3.141592653589793
426.385389055491,-19.091883092036785,1.0,0.7853981633974483,4.71238898038469
427.09249583667753,-18.38477631085024,1.0,-0.7853981633974483,1.5707963267948966
427.7996026178641,-19.091883092036785,1.0,-0.7853981633974483,3.141592653589793
428.50670939905064,-19.79898987322333,1.0,-0.7853981633974483,3.141592653589793
429.2138161802372,-20.506096654409877,1.0,-0.7853981633974483,3.141592653589793
429.92092296142374,-21.213203435596423,1.0,-0.7853981633974483,3.141592653589793
430.6280297426103,-21.92031021678297,1.0,-0.7853981633974483,3.141592653589793
431.33513652379685,-22.627416997969515,1.0,0.7853981633974483,4.71238898038469
432.0422433049834,-21.92031021678297,1.0,-0.7853981633974483,1.5707963267948966
432.74935008616995,-22.627416997969515,1.0,-0.7853981633974483,3.141592653589793
433.4564568673565,-23.33452377915606,1.0,0.7853981633974483,4.71238898038469
434.16356364854306,-22.627416997969515,1.0,-0.7853981633974483,1.5707963267948966
434.8706704297296,-23.33452377915606,1.0,0.7853981633974483,4.71238898038469
435.57777721091617,-22.627416997969515,1.0,0.7853981633974483,3.141592653589793
436.2848839921027,-21.92031021678297,1.0,0.7853981633974483,3.141592653589793
436.9919907732893,-21.213203435596423,1.0,-0.7853981633974483,1.5707963267948966
437.6990975544758,-21.92031021678297,1.0,-0.7853981633974483,3.141592653589793
438.4062043356624,-22.627416997969515,1.0,0.7853981633974483,4.71238898038469
439.11331111684893,-21.92031021678297,1.0,0.7853981633974483,3.141592653589793
439.8204178980355,-21.213203435596423,1.0,0.7853981633974483,3.141592653589793
440.52752467922204,-20.506096654409877,1.0,-0.7853981633974483,1.5707963267948966
441.2346314604086,-21.213203435596423,1.0,-0.7853981633974483,3.141592653589793
441.94173824159515,-21.92031021678297,1.0,-0.7853981633974483,3.141592653589793
442.6488450227817,-22.627416997969515,1.0,-0.7853981633974483,3.141592653589793
443.35595180396825,-23.33452377915606,1.0,0.7853981633974483,4.71238898038469
444.0630585851548,-22.627416997969515,1.0,0.7853981633974483,3.141592653589793
444.77016536634136,-21.92031021678297,1.0,0.7853981633974483,3.141592653589793
445.4772721475279,-21.213203435596423,1.0,0.7853981633974483,3.141592653589793
446.18437892871447,-20.506096654409877,1.0,0.7853981633974483,3.141592653589793
446.891485709901,-19.79898987322333,1.0,0.7853981633974483,3.141592653589793
447.5985924910876,-19.091883092036785,1.0,-0.7853981633974483,1.5707963267948966
448.3056992722741,-19.79898987322333,1.0,0.7853981633974483,4.71238898038469
449.0128060534607,-19.091883092036785,1.0,0.7853981633974483,3.141592653589793
449.71991283464723,-18.38477631085024,1.0,-0.7853981633974483,1.5707963267948966
450.4270196158338,-19.091883092036785,1.0,-0.7853981633974483,3.141592653589793
451.13412639702034,-19.79898987322333,1.0,0.7853981633974483,4.71238898038469
451.8412331782069,-19.091883092036785,1.0,-0.7853981633974483,1.5707963267948966
452.54833995939345,-19.79898987322333,1.0,0.7853981633974483,4.71238898038469
453.25544674058,-19.091883092036785,1.0,0.7853981633974483,3.141592653589793
453.96255352176655,-18.38477631085024,1.0,0.7853981633974483,3.141592653589793
454.6696603029531,-17.677669529663692,1.0,-0.7853981633974483,1.5707963267948966
455.37676708413966,-18.38477631085024,1.0,0.7853981633974483,4.71238898038469
456.0838738653262,-17.677669529663692,1.0,0.7853981633974483,3.141592653589793
456.79098064651276,-16.970562748477146,1.0,-0.7853981633974483,1.5707963267948966
457.4980874276993,-17.677669529663692,1.0,0.7853981633974483,4.71238898038469
458.20519420888587,-16.970562748477146,1.0,0.7853981633974483,3.141592653589793
458.9123009900724,-16.2634559672906,1.0,0.7853981633974483,3.141592653589793
459.619407771259,-15.556349186104052,1.0,-0.7853981633974483,1.5707963267948966
460.32651455244553,-16.2634559672906,1.0,0.7853981633974483,4.71238898038469
461.0336213336321,-15.556349186104052,1.0,-0.7853981633974483,1.5707963267948966
461.74072811481864,-16.2634559672906,1.0,0.7853981633974483,4.71238898038469
462.4478348960052,-15.556349186104052,1.0,-0.7853981633974483,1.5707963267948966
463.15494167719174,-16.2634559672906,1.0,-0.7853981633974483,3.141592653589793
463.8620484583783,-16.970562748477146,1.0,-0.7853981633974483,3.141592653589793
464.56915523956485,-17.677669529663692,1.0,-0.7853981633974483,3.141592653589793
465.2762620207514,-18.38477631085024,1.0,0.7853981633974483,4.71238898038469
465.98336880193796,-17.677669529663692,1.0,-0.7853981633974483,1.5707963267948966
466.6904755831245,-18.38477631085024,1.0,0.7853981633974483,4.71238898038469
467.39758236431106,-17.677669529663692,1.0,0.7853981633974483,3.141592653589793
468.1046891454976,-16.970562748477146,1.0,-0.7853981633974483,1.5707963267948966
468.81179592668417,-17.677669529663692,1.0,-0.7853981633974483,3.141592653589793
469.5189027078707,-18.38477631085024,1.0,0.7853981633974483,4.71238898038469
470.2260094890573,-17.677669529663692,1.0,0.7853981633974483,3.141592653589793
470.93311627024383,-16.970562748477146,1.0,0.7853981633974483,3.141592653589793
471.6402230514304,-16.2634559672906,1.0,-0.7853981633974483,1.5707963267948966
472.34732983261694,-16.970562748477146,1.0,0.7853981633974483,4.71238898038469
473.0544366138035,-16.2634559672906,1.0,0.7853981633974483,3.141592653589793
473.76154339499004,-15.556349186104052,1.0,-0.7853981633974483,1.5707963267948966
474.4686501761766,-16.2634559672906,1.0,-0.7853981633974483,3.141592653589793
475.17575695736315,-16.970562748477146,1.0,-0.7853981633974483,3.141592653589793
475.8828637385497,-17.677669529663692,1.0,0.7853981633974483,4.71238898038469
476.58997051973626,-16.970562748477146,1.0,0.7853981633974483,3.141592653589793
477.2970773009228,-16.2634559672906,1.0,-0.7853981633974483,1.5707963267948966
478.00418408210936,-16.970562748477146,1.0,0.7853981633974483,4.71238898038469
478.7112908632959,-16.2634559672906,1.0,-0.7853981633974483,1.5707963267948966
479.41839764448247,-16.970562748477146,1.0,0.7853981633974483,4.71238898038469
480.125504425669,-16.2634559672906,1.0,0.7853981633974483,3.141592653589793
480.8326112068556,-15.556349186104052,1.0,-0.7853981633974483,1.5707963267948966
481.5397179880421,-16.2634559672906,1.0,0.7853981633974483,4.71238898038469
482.2468247692287,-15.556349186104052,1.0,-0.7853981633974483,1.5707963267948966
482.95393155041523,-16.2634559672906,1.0,0.7853981633974483,4.71238898038469
483.6610383316018,-15.556349186104052,1.0,-0.7853981633974483,1.5707963267948966
484.36814511278834,-16.2634559672906,1.0,0.7853981633974483,4.71238898038469
485.0752518939749,-15.556349186104052,1.0,-0.7853981633974483,1.5707963267948966
485.78235867516145,-16.2634559672906,1.0,-0.7853981633974483,3.141592653589793
486.489465456348,-16.970562748477146,1.0,-0.7853981633974483,3.141592653589793
487.19657223753455,-17.677669529663692,1.0,-0.7853981633974483,3.141592653589793
487.9036790187211,-18.38477631085024,1.0,-0.7853981633974483,3.141592653589793
488.61078579990766,-19.091883092036785,1.0,-0.7853981633974483,3.141592653589793
489.3178925810942,-19.79898987322333,1.0,-0.7853981633974483,3.141592653589793
490.02499936228077,-20.506096654409877,1.0,0.7853981633974483,4.71238898038469
490.7321061434673,-19.79898987322333,1.0,0.7853981633974483,3.141592653589793
491.4392129246539,-19.091883092036785,1.0,-0.7853981633974483,1.5707963267948966
492.1463197058404,-19.79898987322333,1.0,-0.7853981633974483,3.141592653589793
492.853426487027,-20.506096654409877,1.0,0.7853981633974483,4.71238898038469
493.56053326821353,-19.79898987322333,1.0,-0.7853981633974483,1.5707963267948966
494.2676400494001,-20.506096654409877,1.0,-0.7853981633974483,3.141592653589793
494.97474683058664,-21.213203435596423,1.0,-0.7853981633974483,3.141592653589793
495.6818536117732,-21.92031021678297,1.0,0.7853981633974483,4.71238898038469
496.38896039295975,-21.213203435596423,1.0,0.7853981633974483,3.141592653589793
497.0960671741463,-20.506096654409877,1.0,0.7853981633974483,3.141592653589793
497.80317395533285,-19.79898987322333,1.0,-0.7853981633974483,1.5707963267948966
498.5102807365194,-20.506096654409877,1.0,0.7853981633974483,4.71238898038469
499.21738751770596,-19.79898987322333,1.0,-0.7853981633974483,1.5707963267948966
499.9244942988925,-20.506096654409877,1.0,0.7853981633974483,4.71238898038469
500.63160108007907,-19.79898987322333,1.0,-0.7853981633974483,1.5707963267948966
501.3387078612656,-20.506096654409877,1.0,-0.7853981633974483,3.141592653589793
502.04581464245217,-21.213203435596423,1.0,-0.7853981633974483,3.141592653589793
502.7529214236387,-21.92031021678297,1.0,-0.7853981633974483,3.141592653589793
503.4600282048253,-22.627416997969515,1.0,-0.7853981633974483,3.141592653589793
504.16713498601183,-23.33452377915606,1.0,0.7853981633974483,4.71238898038469
504.8742417671984,-22.627416997969515,1.0,0.7853981633974483,3.141592653589793
505.58134854838494,-21.92031021678297,1.0,-0.7853981633974483,1.5707963267948966
506.2884553295715,-22.627416997969515,1.0,-0.7853981633974483,3.141592653589793
506.99556211075804,-23.33452377915606,1.0,0.7853981633974483,4.71238898038469
507.7026688919446,-22.627416997969515,1.0,0.7853981633974483,3.141592653589793
508.40977567313115,-21.92031021678297,1.0,-0.7853981633974483,1.5707963267948966
509.1168824543177,-22.627416997969515,1.0,0.7853981633974483,4.71238898038469
509.82398923550426,-21.92031021678297,1.0,0.7853981633974483,3.141592653589793
510.5310960166908,-21.213203435596423,1.0,0.7853981633974483,3.141592653589793
511.23820279787736,-20.506096654409877,1.0,0.7853981633974483,3.141592653589793
511.9453095790639,-19.79898987322333,1.0,0.7853981633974483,3.141592653589793
512.6524163602504,-19.091883092036785,1.0,0.7853981633974483,3.141592653589793
513.359523141437,-18.38477631085024,1.0,-0.7853981633974483,1.5707963267948966
514.0666299226235,-19.091883092036785,1.0,0.7853981633974483,4.71238898038469
514.7737367038101,-18.38477631085024,1.0,-0.7853981633974483,1.5707963267948966
515.4808434849966,-19.091883092036785,1.0,0.7853981633974483,4.71238898038469
516.1879502661832,-18.38477631085024,1.0,-0.7853981633974483,1.5707963267948966
516.8950570473697,-19.091883092036785,1.0,-0.7853981633974483,3.141592653589793
517.6021638285563,-19.79898987322333,1.0,0.7853981633974483,4.71238898038469
518.3092706097428,-19.091883092036785,1.0,0.7853981633974483,3.141592653589793
519.0163773909294,-18.38477631085024,1.0,0.7853981633974483,3.141592653589793
519.723484172116,-17.677669529663692,1.0,0.7853981633974483,3.141592653589793
520.4305909533025,-16.970562748477146,1.0,0.7853981633974483,3.141592653589793
521.137697734489,-16.2634559672906,1.0,0.7853981633974483,3.141592653589793
521.8448045156756,-15.556349186104052,1.0,0.7853981633974483,3.141592653589793
522.5519112968622,-14.849242404917504,1.0,-0.7853981633974483,1.5707963267948966
523.2590180780487,-15.556349186104052,1.0,0.7853981633974483,4.71238898038469
523.9661248592353,-14.849242404917504,1.0,-0.7853981633974483,1.5707963267948966
524.6732316404218,-15.556349186104052,1.0,0.7853981633974483,4.71238898038469
525.3803384216084,-14.849242404917504,1.0,-0.7853981633974483,1.5707963267948966
526.0874452027949,-15.556349186104052,1.0,-0.7853981633974483,3.141592653589793
526.7945519839815,-16.2634559672906,1.0,-0.7853981633974483,3.141592653589793
527.501658765168,-16.970562748477146,1.0,0.7853981633974483,4.71238898038469
528.2087655463546,-16.2634559672906,1.0,0.7853981633974483,3.141592653589793
528.9158723275411,-15.556349186104052,1.0,-0.7853981633974483,1.5707963267948966
529.6229791087277,-16.2634559672906,1.0,-0.7853981633974483,3.141592653589793
530.3300858899142,-16.970562748477146,1.0,-0.7853981633974483,3.141592653589793
531.0371926711008,-17.677669529663692,1.0,0.7853981633974483,4.71238898038469
531.7442994522874,-16.970562748477146,1.0,-0.7853981633974483,1.5707963267948966
532.4514062334739,-17.677669529663692,1.0,-0.7853981633974483,3.141592653589793
533.1585130146605,-18.38477631085024,1.0,-0.7853981633974483,3.141592653589793
533.865619795847,-19.091883092036785,1.0,0.7853981633974483,4.71238898038469
534.5727265770336,-18.38477631085024,1.0,0.7853981633974483,3.141592653589793
535.2798333582201,-17.677669529663692,1.0,0.7853981633974483,3.141592653589793
535.9869401394067,-16.970562748477146,1.0,0.7853981633974483,3.141592653589793
536.6940469205932,-16.2634559672906,1.0,0.7853981633974483,3.141592653589793
537.4011537017798,-15.556349186104052,1.0,-0.7853981633974483,1.5707963267948966
538.1082604829663,-16.2634559672906,1.0,0.7853981633974483,4.71238898038469
538.8153672641529,-15.556349186104052,1.0,-0.7853981633974483,1.5707963267948966
539.5224740453394,-16.2634559672906,1.0,-0.7853981633974483,3.141592653589793
540.229580826526,-16.970562748477146,1.0,0.7853981633974483,4.71238898038469
540.9366876077125,-16.2634559672906,1.0,-0.7853981633974483,1.5707963267948966
541.6437943888991,-16.970562748477146,1.0,0.7853981633974483,4.71238898038469
542.3509011700856,-16.2634559672906,1.0,0.7853981633974483,3.141592653589793
543.0580079512722,-15.556349186104052,1.0,0.7853981633974483,3.141592653589793
543.7651147324588,-14.849242404917504,1.0,-0.7853981633974483,1.5707963267948966
544.4722215136453,-15.556349186104052,1.0,0.7853981633974483,4.71238898038469
545.1793282948319,-14.849242404917504,1.0,0.7853981633974483,3.141592653589793
545.8864350760184,-14.142135623730956,1.0,0.7853981633974483,3.141592653589793
546.593541857205,-13.435028842544408,1.0,-0.7853981633974483,1.5707963267948966
547.3006486383915,-14.142135623730956,1.0,0.7853981633974483,4.71238898038469
548.0077554195781,-13.435028842544408,1.0,-0.7853981633974483,1.5707963267948966
548.7148622007646,-14.142135623730956,1.0,-0.7853981633974483,3.141592653589793
549.4219689819512,-14.849242404917504,1.0,-0.7853981633974483,3.141592653589793
550.1290757631377,-15.556349186104052,1.0,0.7853981633974483,4.71238898038469
550.8361825443243,-14.849242404917504,1.0,-0.7853981633974483,1.5707963267948966
551.5432893255108,-15.556349186104052,1.0,0.7853981633974483,4.71238898038469
552.2503961066974,-14.849242404917504,1.0,0.7853981633974483,3.141592653589793
552.957502887884,-14.142135623730956,1.0,0.7853981633974483,3.141592653589793
553.6646096690705,-13.435028842544408,1.0,0.7853981633974483,3.141592653589793
554.371716450257,-12.72792206135786,1.0,0.7853981633974483,3.141592653589793
555.0788232314436,-12.020815280171313,1.0,0.7853981633974483,3.141592653589793
555.7859300126302,-11.313708498984765,1.0,-0.7853981633974483,1.5707963267948966
556.4930367938167,-12.020815280171313,1.0,0.7853981633974483,4.71238898038469
557.2001435750033,-11.313708498984765,1.0,0.7853981633974483,3.141592653589793
557.9072503561898,-10.606601717798217,1.0,-0.7853981633974483,1.5707963267948966
558.6143571373764,-11.313708498984765,1.0,-0.7853981633974483,3.141592653589793
559.3214639185629,-12.020815280171313,1.0,0.7853981633974483,4.71238898038469
560.0285706997495,-11.313708498984765,1.0,-0.7853981633974483,1.5707963267948966
560.735677480936,-12.020815280171313,1.0,-0.7853981633974483,3.141592653589793
561.4427842621226,-12.72792206135786,1.0,0.7853981633974483,4.71238898038469
562.1498910433091,-12.020815280171313,1.0,0.7853981633974483,3.141592653589793
562.8569978244957,-11.313708498984765,1.0,0.7853981633974483,3.141592653589793
563.5641046056822,-10.606601717798217,1.0,0.7853981633974483,3.141592653589793
564.2712113868688,-9.899494936611669,1.0,-0.7853981633974483,1.5707963267948966
564.9783181680554,-10.606601717798217,1.0,0.7853981633974483,4.71238898038469
565.6854249492419,-9.899494936611669,1.0,-0.7853981633974483,1.5707963267948966
566.3925317304285,-10.606601717798217,1.0,0.7853981633974483,4.71238898038469
567.099638511615,-9.899494936611669,1.0,-0.7853981633974483,1.5707963267948966
567.8067452928016,-10.606601717798217,1.0,-0.7853981633974483,3.141592653589793
568.5138520739881,-11.313708498984765,1.0,0.7853981633974483,4.71238898038469
569.2209588551747,-10.606601717798217,1.0,-0.7853981633974483,1.5707963267948966
569.9280656363612,-11.313708498984765,1.0,-0.7853981633974483,3.141592653589793
570.6351724175478,-12.020815280171313,1.0,-0.7853981633974483,3.141592653589793
571.3422791987343,-12.72792206135786,1.0,0.7853981633974483,4.71238898038469
572.0493859799209,-12.020815280171313,1.0,0.7853981633974483,3.141592653589793
572.7564927611074,-11.313708498984765,1.0,0.7853981633974483,3.141592653589793
573.463599542294,-10.606601717798217,1.0,0.7853981633974483,3.141592653589793
574.1707063234805,-9.899494936611669,1.0,0.7853981633974483,3.141592653589793
574.8778131046671,-9.192388155425121,1.0,-0.7853981633974483,1.5707963267948966
575.5849198858537,-9.899494936611669,1.0,0.7853981633974483,4.71238898038469
576.2920266670402,-9.192388155425121,1.0,-0.7853981633974483,1.5707963267948966
576.9991334482268,-9.899494936611669,1.0,-0.7853981633974483,3.141592653589793
577.7062402294133,-10.606601717798217,1.0,-0.7853981633974483,3.141592653589793
578.4133470105999,-11.313708498984765,1.0,-0.7853981633974483,3.141592653589793
579.1204537917864,-12.020815280171313,1.0,0.7853981633974483,4.71238898038469
579.827560572973,-11.313708498984765,1.0,0.7853981633974483,3.141592653589793
580.5346673541595,-10.606601717798217,1.0,0.7853981633974483,3.141592653589793
581.2417741353461,-9.899494936611669,1.0,-0.7853981633974483,1.5707963267948966
581.9488809165326,-10.606601717798217,1.0,-0.7853981633974483,3.141592653589793
582.6559876977192,-11.313708498984765,1.0,-0.7853981633974483,3.141592653589793
583.3630944789057,-12.020815280171313,1.0,0.7853981633974483,4.71238898038469
584.0702012600923,-11.313708498984765,1.0,-0.7853981633974483,1.5707963267948966
584.7773080412788,-12.020815280171313,1.0,-0.7853981633974483,3.141592653589793
585.4844148224654,-12.72792206135786,1.0,0.7853981633974483,4.71238898038469
586.191521603652,-12.020815280171313,1.0,0.7853981633974483,3.141592653589793
586.8986283848385,-11.313708498984765,1.0,-0.7853981633974483,1.5707963267948966
587.605735166025,-12.020815280171313,1.0,0.7853981633974483,4.71238898038469
588.3128419472116,-11.313708498984765,1.0,0.7853981633974483,3.141592653589793
589.0199487283982,-10.606601717798217,1.0,0.7853981633974483,3.141592653589793
589.7270555095847,-9.899494936611669,1.0,0.7853981633974483,3.141592653589793
590.4341622907713,-9.192388155425121,1.0,0.7853981633974483,3.141592653589793
591.1412690719578,-8.485281374238573,1.0,0.7853981633974483,3.141592653589793
591.8483758531444,-7.778174593052025,1.0,0.7853981633974483,3.141592653589793
592.5554826343309,-7.071067811865477,1.0,-0.7853981633974483,1.5707963267948966
593.2625894155175,-7.778174593052025,1.0,0.7853981633974483,4.71238898038469
593.969696196704,-7.071067811865477,1.0,-0.7853981633974483,1.5707963267948966
594.6768029778906,-7.778174593052025,1.0,-0.7853981633974483,3.141592653589793
595.3839097590771,-8.485281374238573,1.0,-0.7853981633974483,3.141592653589793
596.0910165402637,-9.192388155425121,1.0,0.7853981633974483,4.71238898038469
596.7981233214502,-8.485281374238573,1.0,-0.7853981633974483,1.5707963267948966
597.5052301026368,-9.192388155425121,1.0,-0.7853981633974483,3.141592653589793
598.2123368838234,-9.899494936611669,1.0,-0.7853981633974483,3.141592653589793
598.9194436650099,-10.606601717798217,1.0,0.7853981633974483,4.71238898038469
599.6265504461965,-9.899494936611669,1.0,0.7853981633974483,3.141592653589793
600.333657227383,-9.192388155425121,1.0,-0.7853981633974483,1.5707963267948966
601.0407640085696,-9.899494936611669,1.0,0.7853981633974483,4.71238898038469
601.7478707897561,-9.192388155425121,1.0,0.7853981633974483,3.141592653589793
602.4549775709427,-8.485281374238573,1.0,-0.7853981633974483,1.5707963267948966
603.1620843521292,-9.192388155425121,1.0,0.7853981633974483,4.71238898038469
603.8691911333158,-8.485281374238573,1.0,0.7853981633974483,3.141592653589793
604.5762979145023,-7.778174593052025,1.0,0.7853981633974483,3.141592653589793
605.2834046956889,-7.071067811865477,1.0,0.7853981633974483,3.141592653589793
605.9905114768754,-6.363961030678929,1.0,0.7853981633974483,3.141592653589793
606.697618258062,-5.6568542494923815,1.0,0.7853981633974483,3.141592653589793
607.4047250392485,-4.949747468305834,1.0,-0.7853981633974483,1.5707963267948966
608.1118318204351,-5.6568542494923815,1.0,-0.7853981633974483,3.141592653589793
608.8189386016217,-6.363961030678929,1.0,-0.7853981633974483,3.141592653589793
609.5260453828082,-7.071067811865477,1.0,0.7853981633974483,4.71238898038469
610.2331521639948,-6.363961030678929,1.0,-0.7853981633974483,1.5707963267948966
610.9402589451813,-7.071067811865477,1.0,-0.7853981633974483,3.141592653589793
611.6473657263679,-7.778174593052025,1.0,-0.7853981633974483,3.141592653589793
612.3544725075544,-8.485281374238573,1.0,0.7853981633974483,4.71238898038469
613.061579288741,-7.778174593052025,1.0,0.7853981633974483,3.141592653589793
613.7686860699275,-7.071067811865477,1.0,-0.7853981633974483,1.5707963267948966
614.4757928511141,-7.778174593052025,1.0,-0.7853981633974483,3.141592653589793
615.1828996323006,-8.485281374238573,1.0,0.7853981633974483,4.71238898038469
615.8900064134872,-7.778174593052025,1.0,0.7853981633974483,3.141592653589793
616.5971131946737,-7.071067811865477,1.0,0.7853981633974483,3.141592653589793
617.3042199758603,-6.363961030678929,1.0,-0.7853981633974483,1.5707963267948966
618.0113267570468,-7.071067811865477,1.0,0.7853981633974483,4.71238898038469
618.7184335382334,-6.363961030678929,1.0,0.7853981633974483,3.141592653589793
619.42554031942,-5.6568542494923815,1.0,-0.7853981633974483,1.5707963267948966
620.1326471006065,-6.363961030678929,1.0,0.7853981633974483,4.71238898038469
620.8397538817931,-5.6568542494923815,1.0,-0.7853981633974483,1.5707963267948966
621.5468606629796,-6.363961030678929,1.0,-0.7853981633974483,3.141592653589793
622.2539674441662,-7.071067811865477,1.0,-0.7853981633974483,3.141592653589793
622.9610742253527,-7.778174593052025,1.0,-0.7853981633974483,3.141592653589793
623.6681810065393,-8.485281374238573,1.0,0.7853981633974483,4.71238898038469
624.3752877877258,-7.778174593052025,1.0,0.7853981633974483,3.141592653589793
625.0823945689124,-7.071067811865477,1.0,-0.7853981633974483,1.5707963267948966
625.7895013500989,-7.778174593052025,1.0,-0.7853981633974483,3.141592653589793
626.4966081312855,-8.485281374238573,1.0,-0.7853981633974483,3.141592653589793
627.203714912472,-9.192388155425121,1.0,-0.7853981633974483,3.141592653589793
627.9108216936586,-9.899494936611669,1.0,0.7853981633974483,4.71238898038469
628.6179284748451,-9.192388155425121,1.0,-0.7853981633974483,1.5707963267948966
629.3250352560317,-9.899494936611669,1.0,-0.7853981633974483,3.141592653589793
630.0321420372183,-10.606601717798217,1.0,-0.7853981633974483,3.141592653589793
630.7392488184048,-11.313708498984765,1.0,-0.7853981633974483,3.141592653589793
631.4463555995914,-12.020815280171313,1.0,0.7853981633974483,4.71238898038469
632.1534623807779,-11.313708498984765,1.0,0.7853981633974483,3.141592653589793
632.8605691619645,-10.606601717798217,1.0,-0.7853981633974483,1.5707963267948966
633.567675943151,-11.313708498984765,1.0,-0.7853981633974483,3.141592653589793
634.2747827243376,-12.020815280171313,1.0,0.7853981633974483,4.71238898038469
634.9818895055241,-11.313708498984765,1.0,0.7853981633974483,3.141592653589793
635.6889962867107,-10.606601717798217,1.0,0.7853981633974483,3.141592653589793
636.3961030678972,-9.899494936611669,1.0,-0.7853981633974483,1.5707963267948966
637.1032098490838,-10.606601717798217,1.0,0.7853981633974483,4.71238898038469
637.8103166302703,-9.899494936611669,1.0,-0.7853981633974483,1.5707963267948966
638.5174234114569,-10.606601717798217,1.0,-0.7853981633974483,3.141592653589793
639.2245301926434,-11.313708498984765,1.0,0.7853981633974483,4.71238898038469
639.93163697383,-10.606601717798217,1.0,-0.7853981633974483,1.5707963267948966
640.6387437550165,-11.313708498984765,1.0,-0.7853981633974483,3.141592653589793
641.3458505362031,-12.020815280171313,1.0,-0.7853981633974483,3.141592653589793
642.0529573173897,-12.72792206135786,1.0,0.7853981633974483,4.71238898038469
642.7600640985762,-12.020815280171313,1.0,-0.7853981633974483,1.5707963267948966
643.4671708797628,-12.72792206135786,1.0,-0.7853981633974483,3.141592653589793
644.1742776609493,-13.435028842544408,1.0,-0.7853981633974483,3.141592653589793
644.8813844421359,-14.142135623730956,1.0,0.7853981633974483,4.71238898038469
645.5884912233224,-13.435028842544408,1.0,0.7853981633974483,3.141592653589793
646.295598004509,-12.72792206135786,1.0,-0.7853981633974483,1.5707963267948966
647.0027047856955,-13.435028842544408,1.0,0.7853981633974483,4.71238898038469
647.7098115668821,-12.72792206135786,1.0,0.7853981633974483,3.141592653589793
648.4169183480686,-12.020815280171313,1.0,0.7853981633974483,3.141592653589793
649.1240251292552,-11.313708498984765,1.0,0.7853981633974483,3.141592653589793
649.8311319104417,-10.606601717798217,1.0,0.7853981633974483,3.141592653589793
650.5382386916283,-9.899494936611669,1.0,-0.7853981633974483,1.5707963267948966
651.2453454728148,-10.606601717798217,1.0,-0.7853981633974483,3.141592653589793
651.9524522540014,-11.313708498984765,1.0,-0.7853981633974483,3.141592653589793
652.659559035188,-12.020815280171313,1.0,-0.7853981633974483,3.141592653589793
653.3666658163745,-12.72792206135786,1.0,0.7853981633974483,4.71238898038469
654.0737725975611,-12.020815280171313,1.0,-0.7853981633974483,1.5707963267948966
654.7808793787476,-12.72792206135786,1.0,-0.7853981633974483,3.141592653589793
655.4879861599342,-13.435028842544408,1.0,-0.7853981633974483,3.141592653589793
656.1950929411207,-14.142135623730956,1.0,0.7853981633974483,4.71238898038469
656.9021997223073,-13.435028842544408,1.0,0.7853981633974483,3.141592653589793
657.6093065034938,-12.72792206135786,1.0,-0.7853981633974483,1.5707963267948966
658.3164132846804,-13.435028842544408,1.0,0.7853981633974483,4.71238898038469
659.0235200658669,-12.72792206135786,1.0,0.7853981633974483,3.141592653589793
659.7306268470535,-12.020815280171313,1.0,0.7853981633974483,3.141592653589793
660.43773362824,-11.313708498984765,1.0,-0.7853981633974483,1.5707963267948966
661.1448404094266,-12.020815280171313,1.0,-0.7853981633974483,3.141592653589793
661.8519471906131,-12.72792206135786,1.0,0.7853981633974483,4.71238898038469
662.5590539717997,-12.020815280171313,1.0,-0.7853981633974483,1.5707963267948966
663.2661607529863,-12.72792206135786,1.0,-0.7853981633974483,3.141592653589793
663.9732675341728,-13.435028842544408,1.0,-0.7853981633974483,3.141592653589793
664.6803743153594,-14.142135623730956,1.0,0.7853981633974483,4.71238898038469
665.3874810965459,-13.435028842544408,1.0,-0.7853981633974483,1.5707963267948966
666.0945878777325,-14.142135623730956,1.0,-0.7853981633974483,3.141592653589793
666.801694658919,-14.849242404917504,1.0,0.7853981633974483,4.71238898038469
667.5088014401056,-14.142135623730956,1.0,0.7853981633974483,3.141592653589793
668.2159082212921,-13.435028842544408,1.0,-0.7853981633974483,1.5707963267948966
668.9230150024787,-14.142135623730956,1.0,-0.7853981633974483,3.141592653589793
669.6301217836652,-14.849242404917504,1.0,0.7853981633974483,4.71238898038469
670.3372285648518,-14.142135623730956,1.0,0.7853981633974483,3.141592653589793
671.0443353460383,-13.435028842544408,1.0,0.7853981633974483,3.141592653589793
671.7514421272249,-12.72792206135786,1.0,0.7853981633974483,3.141592653589793
672.4585489084114,-12.020815280171313,1.0,0.7853981633974483,3.141592653589793
673.165655689598,-11.313708498984765,1.0,-0.7853981633974483,1.5707963267948966
673.8727624707846,-12.020815280171313,1.0,-0.7853981633974483,3.141592653589793
674.5798692519711,-12.72792206135786,1.0,0.7853981633974483,4.71238898038469
675.2869760331577,-12.020815280171313,1.0,-0.7853981633974483,1.5707963267948966
675.9940828143442,-12.72792206135786,1.0,-0.7853981633974483,3.141592653589793
676.7011895955308,-13.435028842544408,1.0,0.7853981633974483,4.71238898038469
677.4082963767173,-12.72792206135786,1.0,-0.7853981633974483,1.5707963267948966
678.1154031579039,-13.435028842544408,1.0,0.7853981633974483,4.71238898038469
678.8225099390904,-12.72792206135786,1.0,-0.7853981633974483,1.5707963267948966
679.529616720277,-13.435028842544408,1.0,0.7853981633974483,4.71238898038469
680.2367235014635,-12.72792206135786,1.0,-0.7853981633974483,1.5707963267948966
680.9438302826501,-13.435028842544408,1.0,-0.7853981633974483,3.141592653589793
681.6509370638366,-14.142135623730956,1.0,-0.7853981633974483,3.141592653589793
682.3580438450232,-14.849242404917504,1.0,0.7853981633974483,4.71238898038469
683.0651506262097,-14.142135623730956,1.0,0.7853981633974483,3.141592653589793
683.7722574073963,-13.435028842544408,1.0,0.7853981633974483,3.141592653589793
684.4793641885828,-12.72792206135786,1.0,0.7853981633974483,3.141592653589793
685.1864709697694,-12.020815280171313,1.0,0.7853981633974483,3.141592653589793
685.893577750956,-11.313708498984765,1.0,-0.7853981633974483,1.5707963267948966
686.6006845321425,-12.020815280171313,1.0,-0.7853981633974483,3.141592653589793
687.3077913133291,-12.72792206135786,1.0,-0.7853981633974483,3.141592653589793
688.0148980945156,-13.435028842544408,1.0,0.7853981633974483,4.71238898038469
688.7220048757022,-12.72792206135786,1.0,0.7853981633974483,3.141592653589793
689.4291116568887,-12.020815280171313,1.0,0.7853981633974483,3.141592653589793
690.1362184380753,-11.313708498984765,1.0,-0.7853981633974483,1.5707963267948966
690.8433252192618,-12.020815280171313,1.0,0.7853981633974483,4.71238898038469
691.5504320004484,-11.313708498984765,1.0,0.7853981633974483,3.141592653589793
692.2575387816349,-10.606601717798217,1.0,0.7853981633974483,3.141592653589793
692.9646455628215,-9.899494936611669,1.0,0.7853981633974483,3.141592653589793
693.671752344008,-9.192388155425121,1.0,-0.7853981633974483,1.5707963267948966
694.3788591251946,-9.899494936611669,1.0,0.7853981633974483,4.71238898038469
695.0859659063811,-9.192388155425121,1.0,0.7853981633974483,3.141592653589793
695.7930726875677,-8.485281374238573,1.0,0.7853981633974483,3.141592653589793
696.5001794687543,-7.778174593052025,1.0,0.7853981633974483,3.141592653589793
697.2072862499408,-7.071067811865477,1.0,0.7853981633974483,3.141592653589793
697.9143930311274,-6.363961030678929,1.0,0.7853981633974483,3.141592653589793
698.6214998123139,-5.6568542494923815,1.0,-0.7853981633974483,1.5707963267948966
699.3286065935005,-6.363961030678929,1.0,0.7853981633974483,4.71238898038469
700.035713374687,-5.6568542494923815,1.0,-0.7853981633974483,1.5707963267948966
700.7428201558736,-6.363961030678929,1.0,-0.7853981633974483,3.141592653589793
701.4499269370601,-7.071067811865477,1.0,0.7853981633974483,4.71238898038469
702.1570337182467,-6.363961030678929,1.0,-0.7853981633974483,1.5707963267948966
702.8641404994332,-7.071067811865477,1.0,0.7853981633974483,4.71238898038469
703.5712472806198,-6.363961030678929,1.0,0.7853981633974483,3.141592653589793
704.2783540618063,-5.6568542494923815,1.0,-0.7853981633974483,1.5707963267948966
704.9854608429929,-6.363961030678929,1.0,-0.7853981633974483,3.141592653589793
705.6925676241794,-7.071067811865477,1.0,-0.7853981633974483,3.141592653589793
706.399674405366,-7.778174593052025,1.0,0.7853981633974483,4.71238898038469
707.1067811865526,-7.071067811865477,1.0,0.7853981633974483,3.141592653589793
707.8138879677391,-6.363961030678929,1.0,0.7853981633974483,3.141592653589793
708.5209947489257,-5.6568542494923815,1.0,0.7853981633974483,3.141592653589793
709.2281015301122,-4.949747468305834,1.0,0.7853981633974483,3.141592653589793
709.9352083112988,-4.242640687119286,1.0,-0.7853981633974483,1.5707963267948966
710.6423150924853,-4.949747468305834,1.0,-0.7853981633974483,3.141592653589793
711.3494218736719,-5.6568542494923815,1.0,0.7853981633974483,4.71238898038469
712.0565286548584,-4.949747468305834,1.0,0.7853981633974483,3.141592653589793
712.763635436045,-4.242640687119286,1.0,0.7853981633974483,3.141592653589793
713.4707422172315,-3.535533905932738,1.0,0.7853981633974483,3.141592653589793
714.1778489984181,-2.8284271247461907,1.0,-0.7853981633974483,1.5707963267948966
714.8849557796046,-3.535533905932738,1.0,-0.7853981633974483,3.141592653589793
715.5920625607912,-4.242640687119286,1.0,-0.7853981633974483,3.141592653589793
716.2991693419777,-4.949747468305834,1.0,0.7853981633974483,4.71238898038469
717.0062761231643,-4.242640687119286,1.0,-0.7853981633974483,1.5707963267948966
717.7133829043509,-4.949747468305834,1.0,0.7853981633974483,4.71238898038469
718.4204896855374,-4.242640687119286,1.0,0.7853981633974483,3.141592653589793
719.127596466724,-3.535533905932738,1.0,0.7853981633974483,3.141592653589793
719.8347032479105,-2.8284271247461907,1.0,0.7853981633974483,3.141592653589793
720.5418100290971,-2.1213203435596433,1.0,0.7853981633974483,3.141592653589793
721.2489168102836,-1.4142135623730958,1.0,0.7853981633974483,3.141592653589793
721.9560235914702,-0.7071067811865482,1.0,0.7853981633974483,3.141592653589793
722.6631303726567,-6.661338147750939e-16,1.0,-0.7853981633974483,1.5707963267948966
723.3702371538433,-0.7071067811865482,1.0,0.7853981633974483,4.71238898038469
